"","X","hashtags","Freq","Count"
"1",1,"china",0.0297783358585334,149214
"2",2,"chinesevirus",0.0250942759115068,125743
"3",3,"breaking",0.0177481787426579,88933
"4",4,"italy",0.0150432344061575,75379
"5",5,"lockdown",0.0140348174272335,70326
"6",6,"socialdistancing",0.013490196422784,67597
"7",7,"indiafightscorona",0.0134341178217395,67316
"8",8,"stayathome",0.0131150086293193,65717
"9",9,"stayhome",0.0127048964401863,63662
"10",10,"wuhan",0.0122456905291425,61361
"11",11,"coronalockdown",0.011696279893287,58608
"12",12,"iran",0.00926873504238026,46444
"13",13,"trump",0.00923600589443972,46280
"14",14,"taiwan",0.00812022134483271,40689
"15",15,"stayhomesavelives",0.00794021103115975,39787
"16",16,"india",0.00735906908723994,36875
"17",17,"pandemic",0.00729979739859153,36578
"18",18,"usnsmercy",0.00717227346240858,35939
"19",19,"nyc",0.006840791055523,34278
"20",20,"prabhas",0.00597047511547003,29917
"21",21,"watch",0.00587847427888108,29456
"22",22,"ccpvirus",0.00575194818257436,28822
"23",23,"jantacurfew",0.00545938153086199,27356
"24",24,"nhs",0.00522249434424358,26169
"25",25,"kanikakapoor",0.00500336870742217,25071
"26",26,"janatacurfew",0.00479841239684331,24044
"27",27,"ccp",0.00468286253917519,23465
"28",28,"flattenthecurve",0.00420848946201263,21088
"29",29,"sarscov2",0.00402887828429017,20188
"30",30,"usnscomfort",0.00399794524812686,20033
"31",31,"spain",0.00391851719397848,19635
"32",32,"covid",0.00384427790718652,19263
"33",33,"quarantine",0.00384168352350831,19250
"34",34,"usa",0.00374668916729065,18774
"35",35,"pmcaresfund",0.00369200754207292,18500
"36",36,"chloroquine",0.00356987194122164,17888
"37",37,"telangana",0.00350122055773661,17544
"38",38,"pakistan",0.00329905819881121,16531
"39",39,"update",0.00315556882460849,15812
"40",40,"staysafe",0.00314479215394514,15758
"41",41,"turkey",0.0031048785588957,15558
"42",42,"ppe",0.00302245698511862,15145
"43",43,"andhrapradesh",0.00299930709998994,15029
"44",44,"washyourhands",0.00295580128138606,14811
"45",45,"kerala",0.00291888120596533,14626
"46",46,"usnavy",0.00290890280720297,14576
"47",47,"nigeria",0.00287657279521292,14414
"48",48,"usnavyalwaysthere",0.00284823414272782,14272
"49",49,"stayhomestaysafe",0.00252992322220856,12677
"50",50,"covidiots",0.00252912495030757,12673
"51",51,"who",0.00251854784761947,12620
"52",52,"wuhanvirus",0.00250338068150069,12544
"53",53,"chinese",0.00250318111352544,12543
"54",54,"chinavirus",0.00243133664243645,12183
"55",55,"chinesevirus19",0.00219923908722398,11020
"56",56,"hydroxychloroquine",0.0021904580963131,10976
"57",57,"pmcares",0.00218407192110519,10944
"58",58,"florida",0.00215254018101614,10786
"59",59,"the",0.00212939029588746,10670
"60",60,"healthworkers",0.002108834794437,10567
"61",61,"popefrancis",0.00209785855579841,10512
"62",62,"coronavirusuk",0.00206832249546182,10364
"63",63,"stayathomeandstaysafe",0.00203958470702623,10220
"64",64,"fakenews",0.00203938513905098,10219
"65",65,"coronacrisischarity",0.0020381877311995,10213
"66",66,"filmyourhospital",0.00203040458016486,10174
"67",67,"thankatrucker",0.00200466031135797,10045
"68",68,"coronavirusindia",0.00194019985535313,9722
"69",69,"caresact",0.00191864651402644,9614
"70",70,"russia",0.00190427761980864,9542
"71",71,"stayhom",0.00190347934790765,9538
"72",72,"stayathomesavelives",0.00188312341443244,9436
"73",73,"medtwitter",0.00183462839644737,9193
"74",74,"cuba",0.00180928326359098,9066
"75",75,"yemen",0.00180648931193752,9052
"76",76,"hantavirus",0.00180589060801178,9049
"77",77,"stopthespread",0.0017615865175069,8827
"78",78,"thelockdown",0.00175659731812572,8802
"79",79,"nancypelosi",0.00174981200696732,8768
"80",80,"physicaldistancing",0.00171309149952184,8584
"81",81,"hongkong",0.00168475284703673,8442
"82",82,"modiji",0.00166798913711597,8358
"83",83,"saudiarabia",0.00166539475343776,8345
"84",84,"cdc",0.00164863104351699,8261
"85",85,"lockdown21",0.00163585869310117,8197
"86",86,"21dayslockdown",0.00160652220073984,8050
"87",87,"mentalhealth",0.00156421378998744,7838
"88",88,"animalcrossingnew",0.00155623107097755,7798
"89",89,"health",0.00155363668729933,7785
"90",90,"france",0.0015416626087845,7725
"91",91,"chinaliedpeopledied",0.00152849112241819,7659
"92",92,"stayathomechallenge",0.00152270365113602,7630
"93",93,"safehands",0.00150633907716575,7548
"94",94,"healthcare",0.00145644708335396,7298
"95",95,"cdnpoli",0.00144866393231932,7259
"96",96,"fefsi",0.0014460695486411,7246
"97",97,"covid19uk",0.00143788726165597,7205
"98",98,"newyork",0.00143768769368072,7204
"99",99,"live",0.0014358915819035,7195
"100",100,"auspol",0.00143509331000251,7191
"101",101,"jammuandkashmir",0.00141513651247779,7091
"102",102,"quarantinelife",0.001382207796562,6926
"103",103,"ccc",0.00137841600503231,6907
"104",104,"qanon",0.00137661989325508,6898
"105",105,"democrats",0.00137462421350261,6888
"106",106,"lockdownnow",0.00137262853375014,6878
"107",107,"covid19italia",0.0013716306938739,6873
"108",108,"syria",0.00136624235854223,6846
"109",109,"21daylockdown",0.00135007735254721,6765
"110",110,"germany",0.00133451105047793,6687
"111",111,"rajasthan",0.00132972141907199,6663
"112",112,"covidiot",0.00131994258828488,6614
"113",113,"stimuluspackage",0.00131754777258191,6602
"114",114,"coronavirussa",0.00131375598105222,6583
"115",115,"covid19india",0.00130617239799283,6545
"116",116,"covid19out",0.00130158233456214,6522
"117",117,"coronavirusoutbreakindia",0.00128242380893841,6426
"118",118,"borisjohnson",0.00126845405067111,6356
"119",119,"maga",0.00126645837091864,6346
"120",120,"new",0.00125987262773548,6313
"121",121,"handhygiene",0.00125628040418103,6295
"122",122,"srilanka",0.00125169034075034,6272
"123",123,"bts",0.00123093527132464,6168
"124",124,"africa",0.00123053613537414,6166
"125",125,"israel",0.00122155557648802,6121
"126",126,"handwashchallenge",0.00121916076078505,6109
"127",127,"kashmir",0.00121756421698308,6101
"128",128,"southkorea",0.00119361605995341,5981
"129",129,"personalprotectiveequipment",0.00117984586966136,5912
"130",130,"gaza",0.00117565494218117,5891
"131",131,"covid19lagos",0.00115968950416139,5811
"132",132,"nstnation",0.00114891283349804,5757
"133",133,"acnh",0.00114252665829013,5725
"134",134,"maskup",0.00114033141056241,5714
"135",135,"breakingnews",0.00112755906014659,5650
"136",136,"slowthespread",0.00112097331696344,5617
"137",137,"fight",0.00110820096654762,5553
"138",138,"workfromhome",0.00110800139857237,5552
"139",139,"russianpresident",0.00110660442274564,5545
"140",140,"trumpmeltdown",0.0010950294801813,5487
"141",141,"covididiots",0.0010882441690229,5453
"142",142,"ventilators",0.00107068218720115,5365
"143",143,"socialdistanacing",0.0010704826192259,5364
"144",144,"icymi",0.00106609212377046,5342
"145",145,"malaysia",0.00105830897273582,5303
"146",146,"thailand",0.00104773187004772,5250
"147",147,"ohio",0.00104573619029525,5240
"148",148,"canada",0.00104553662232,5239
"149",149,"odisha",0.00103735433533487,5198
"150",150,"staysafestayhome",0.00101779667376064,5100
"151",151,"covid19ph",0.00100203080371612,5021
"152",152,"nizamuddin",0.000996442900409194,4993
"153",153,"shelterinplace",0.000984867957844857,4935
"154",154,"together",0.000978681350612195,4904
"155",155,"staysafenigeria",0.000965110728295386,4836
"156",156,"modi",0.000964711592344892,4834
"157",157,"indi",0.000960520664864701,4813
"158",158,"yournhsneedsyou",0.000960520664864701,4813
"159",159,"coronavirustruth",0.000959323257013218,4807
"160",160,"chinaliedandpeopledied",0.000950143130151847,4761
"161",161,"g20",0.000947947882424128,4750
"162",162,"selfisolation",0.000945553066721162,4738
"163",163,"lka",0.000933578988206331,4678
"164",164,"facebook",0.000926394541097432,4642
"165",165,"isolation",0.000922802317542983,4624
"166",166,"uae",0.000918411822087545,4602
"167",167,"based",0.000918212254112298,4601
"168",168,"exclusive",0.00091661571031032,4593
"169",169,"donaldtrump",0.000897856320637085,4499
"170",170,"breakthechain",0.000896459344810355,4492
"171",171,"boycotttrumppressconferences",0.000896259776835107,4491
"172",172,"vaccine",0.000892867121255905,4474
"173",173,"wuhancoronavirus",0.000888875761750961,4454
"174",174,"togetherapart",0.000883886562369782,4429
"175",175,"luzonlockdown",0.000882888722493546,4424
"176",176,"staysafesavel",0.000863331060919322,4326
"177",177,"ourpresidentbernie",0.000853153094181715,4275
"178",178,"jellyfish",0.000839582471864907,4207
"179",179,"rggh",0.00083938290388966,4206
"180",180,"doctors",0.000839183335914412,4205
"181",181,"nationaldoctorsday",0.000833395864632244,4176
"182",182,"stpiindia",0.000831001048929278,4164
"183",183,"n95",0.000830801480954031,4163
"184",184,"pelosi",0.000829005369176806,4154
"185",185,"19india",0.000819825242315436,4108
"186",186,"losangeleslockdown",0.000816632154711481,4092
"187",187,"news",0.00081383820305802,4078
"188",188,"openwho",0.000811642955330301,4067
"189",189,"coronavirususa",0.000809447707602582,4056
"190",190,"shaheenbagh",0.000807851163800604,4048
"191",191,"nationalguard",0.000807651595825357,4047
"192",192,"tamilnadu",0.000807052891899616,4044
"193",193,"trumpvirus",0.000800267580741211,4010
"194",194,"related",0.000797274061112504,3995
"195",195,"america",0.000797074493137256,3994
"196",196,"chinesewuhanvirus",0.000796874925162009,3993
"197",197,"singapore",0.000795677517310526,3987
"198",198,"brexit",0.000792683997681818,3972
"199",199,"quran",0.000772527632181853,3871
"200",200,"cybersecurity",0.000769534112553145,3856
"201",201,"california",0.000767338864825426,3845
"202",202,"quaratinelife",0.000767338864825426,3845
"203",203,"pompeoresign",0.000760353985691774,3810
"204",204,"curfew",0.000752969970607629,3773
"205",205,"handwashing",0.000751572994780898,3766
"206",206,"social",0.00075077472287991,3762
"207",207,"worldwaterday",0.000746783363374966,3742
"208",208,"lockdownradio",0.00074578552349873,3737
"209",209,"nurses",0.000741993731969033,3718
"210",210,"xijinping",0.000740596756142303,3711
"211",211,"navyreadiness",0.000739199780315573,3704
"212",212,"navycapability",0.000739000212340326,3703
"213",213,"bernie",0.000735607556761124,3686
"214",214,"stay",0.000732614037132416,3671
"215",215,"uklockdown",0.000732614037132416,3671
"216",216,"pakistanday",0.000731217061305686,3664
"217",217,"msm",0.000728223541676978,3649
"218",218,"australia",0.000727425269775989,3645
"219",219,"flu",0.000724631318122528,3631
"220",220,"japan",0.000724631318122528,3631
"221",221,"plankthecurve",0.00072383304622154,3627
"222",222,"climatechange",0.000722635638370056,3621
"223",223,"takeresponsibility",0.000721039094568079,3613
"224",224,"animalcrossing",0.000718444710889866,3600
"225",225,"ventilator",0.000715451191261158,3585
"226",226,"uganda",0.000712258103657203,3569
"227",227,"venezuela",0.000712258103657203,3569
"228",228,"khameneivirus",0.000711260263780967,3564
"229",229,"feverdetectioncamera",0.000707069336300776,3543
"230",230,"sindh",0.000703077976795832,3523
"231",231,"dogs",0.000702479272870091,3520
"232",232,"science",0.000700483593117619,3510
"233",233,"gujarat",0.000697290505513664,3494
"234",234,"betfair",0.000694895689810698,3482
"235",235,"tigerking",0.000694696121835451,3481
"236",236,"ghana",0.000692700442082979,3471
"237",237,"dems",0.000687910810677046,3447
"238",238,"juniordoctors",0.000686114698899822,3438
"239",239,"texas",0.000682123339394878,3418
"240",240,"akshaykumar",0.000681125499518642,3413
"241",241,"foxnews",0.000681125499518642,3413
"242",242,"maharashtra",0.000676735004063204,3391
"243",243,"today",0.000663763085672137,3326
"244",244,"healthcareheroes",0.000662366109845407,3319
"245",245,"rwanda",0.000657576478439474,3295
"246",246,"jungkook",0.000656778206538486,3291
"247",247,"covid19usa",0.000650392031330576,3259
"248",248,"usarmy",0.000649593759429587,3255
"249",249,"trumppressconf",0.000647797647652362,3246
"250",250,"london",0.000647198943726621,3243
"251",251,"stayhomesa",0.000646201103850385,3238
"252",252,"ishayogacenter",0.000645003695998902,3232
"253",253,"randpaul",0.000642808448271183,3221
"254",254,"lockdownsa",0.000641810608394947,3216
"255",255,"putin",0.000641411472444452,3214
"256",256,"masks",0.000641211904469205,3213
"257",257,"togetherathome",0.000639814928642475,3206
"258",258,"europe",0.00063801881686525,3197
"259",259,"urbietorbi",0.000635823569137531,3186
"260",260,"hubei",0.000633628321409812,3175
"261",261,"tablighijamat",0.000632430913558329,3169
"262",262,"indiafightscoronavirus",0.000629636961904868,3155
"263",263,"govcuomo",0.000626044738350419,3137
"264",264,"coronavirusinnigeria",0.000625446034424678,3134
"265",265,"master",0.000624448194548441,3129
"266",266,"keywork",0.000622252946820723,3118
"267",267,"pmcaresfunds",0.000619858131117756,3106
"268",268,"ireland",0.000615667203637565,3085
"269",269,"trump2020",0.000611675844132622,3065
"270",270,"cnn",0.000610877572231633,3061
"271",271,"southafrica",0.000607884052602925,3046
"272",272,"coronavirusinsa",0.000600300469543532,3008
"273",273,"coronaviruschallenge",0.000597306949914824,2993
"274",274,"sars",0.000588326391028701,2948
"275",275,"corona",0.000586929415201971,2941
"276",276,"publichealth",0.000580144104043567,2907
"277",277,"karachi",0.000577948856315847,2896
"278",278,"wwg1wga",0.000577948856315847,2896
"279",279,"distancing",0.000577549720365353,2894
"280",280,"drfauci",0.000574157064786151,2877
"281",281,"wheresdrfauci",0.000572560520984174,2869
"282",282,"foxandfriends",0.000572360953008926,2868
"283",283,"qproof",0.000571762249083185,2865
"284",284,"salmankhan",0.00057136311313269,2863
"285",285,"hospitals",0.000566373913751511,2838
"286",286,"delhi",0.000561783850320826,2815
"287",287,"iranian",0.000561584282345578,2814
"288",288,"puertorico",0.000560985578419837,2811
"289",289,"lockdownsouthafrica",0.000560386874494095,2808
"290",290,"coronapandemic",0.000556794650939646,2790
"291",291,"airpeace",0.000553002859409949,2771
"292",292,"socialdistance",0.000552803291434702,2770
"293",293,"chennai",0.000550408475731736,2758
"294",294,"assange",0.000548412795979264,2748
"295",295,"mco",0.000543224028622837,2722
"296",296,"factsnotfear",0.00054162748482086,2714
"297",297,"coronainpakistan",0.000539831373043635,2705
"298",298,"egypt",0.00053803526126641,2696
"299",299,"karnataka",0.000537835693291163,2695
"300",300,"against",0.000534642605687208,2679
"301",301,"kag",0.000534243469736714,2677
"302",302,"selfisolating",0.000533445197835725,2673
"303",303,"thankyou",0.000527258590603063,2642
"304",304,"boris",0.000526260750726827,2637
"305",305,"michigan",0.000525063342875343,2631
"306",306,"malaysialockdown",0.000524065502999108,2626
"307",307,"amp",0.000523666367048613,2624
"308",308,"iraq",0.000521670687296141,2614
"309",309,"earthhour",0.000518078463741692,2596
"310",310,"covid19updates",0.000516282351964467,2587
"311",311,"tuesdaythoughts",0.000515284512088231,2582
"312",312,"russian",0.000513488400311007,2573
"313",313,"pune",0.000508100064979333,2546
"314",314,"covidcanada",0.000507501361053591,2543
"315",315,"onpoli",0.000506503521177355,2538
"316",316,"awaninews",0.000503909137499142,2525
"317",317,"staya",0.000503909137499142,2525
"318",318,"presidenttrump",0.000503510001548647,2523
"319",319,"indianarmy",0.000503110865598153,2521
"320",320,"malaysiacovid19",0.000502711729647659,2519
"321",321,"philippines",0.000500915617870434,2510
"322",322,"coronavillains",0.000499917777994198,2505
"323",323,"insidertrading",0.000499917777994198,2505
"324",324,"fakenewsmedia",0.000499319074068457,2502
"325",325,"cancer",0.000497722530266479,2494
"326",326,"sivakumar",0.00049692425836549,2490
"327",327,"hydroxycloroquine",0.00049552728253876,2483
"328",328,"boycottchina",0.000494729010637771,2479
"329",329,"covid19sa",0.000492932898860547,2470
"330",330,"world",0.000492932898860547,2470
"331",331,"fightcovid19",0.000492533762910052,2468
"332",332,"ccpchina",0.000491735491009064,2464
"333",333,"medicareforall",0.000486746291627884,2439
"334",334,"readytoservethenation",0.000485548883776401,2433
"335",335,"hcov19",0.000485349315801154,2432
"336",336,"potus",0.000482555364147693,2418
"337",337,"lebanon",0.000481956660221952,2415
"338",338,"trumpliesamericansdie",0.000480160548444727,2406
"339",339,"flattenthecuve",0.000479561844518985,2403
"340",340,"ramayana",0.000478763572617997,2399
"341",341,"fauci",0.000478364436667502,2397
"342",342,"toronto",0.000476767892865525,2389
"343",343,"dontbeaspreader",0.00047636875691503,2387
"344",344,"adhan",0.000476169188939783,2386
"345",345,"wuhancor",0.000474772213113053,2379
"346",346,"beijing",0.000473973941212064,2375
"347",347,"deborahbirx",0.000473774373236817,2374
"348",348,"covid19ireland",0.00047357480526157,2373
"349",349,"seattle",0.000473375237286323,2372
"350",350,"testing",0.000470581285632862,2358
"351",351,"coronawarriors",0.000469583445756626,2353
"352",352,"hyderabad",0.000466989062078413,2340
"353",353,"torybrexit",0.000463596406499211,2323
"354",354,"healthyathome",0.000463396838523963,2322
"355",355,"media",0.000463197270548716,2321
"356",356,"economy",0.000462798134598222,2319
"357",357,"indonesia",0.000461201590796244,2311
"358",358,"granada",0.00046080245484575,2309
"359",359,"whitehousepressconference",0.000459205911043772,2301
"360",360,"ibuprofen",0.000459006343068525,2300
"361",361,"tcot",0.000458407639142784,2297
"362",362,"greece",0.000458008503192289,2295
"363",363,"influenza",0.000456611527365559,2288
"364",364,"balochistan",0.000454017143687346,2275
"365",365,"covid19us",0.000453418439761604,2272
"366",366,"ebola",0.000451622327984379,2263
"367",367,"ukraine",0.000451023624058638,2260
"368",368,"sta",0.000450424920132896,2257
"369",369,"tech",0.000449826216207155,2254
"370",370,"saudi",0.000447431400504189,2242
"371",371,"chicago",0.000447032264553694,2240
"372",372,"greennewdeal",0.000446832696578447,2239
"373",373,"resist",0.000446832696578447,2239
"374",374,"portland",0.000446034424677458,2235
"375",375,"covid19aus",0.000445036584801222,2230
"376",376,"kag2020",0.000442442201123009,2217
"377",377,"biden",0.000441444361246773,2212
"378",378,"staysafeug",0.000440845657321031,2209
"379",379,"anosmia",0.000439648249469548,2203
"380",380,"curfewke",0.000438450841618065,2197
"381",381,"coronaviruske",0.000438051705667571,2195
"382",382,"afp",0.00043525775401411,2181
"383",383,"palestine",0.00043525775401411,2181
"384",384,"21daysoflockdown",0.000435058186038863,2180
"385",385,"canadians",0.000433461642236886,2172
"386",386,"lockdownwithoutplan",0.000432264234385402,2166
"387",387,"safehandschallenge",0.000431865098434908,2164
"388",388,"ccot",0.000429470282731942,2152
"389",389,"humanrights",0.000427873738929964,2144
"390",390,"healthcareworkers",0.000427275035004223,2141
"391",391,"malaysiabebascovid19",0.000425079787276504,2130
"392",392,"thread",0.000424081947400268,2125
"393",393,"bergamo",0.000422884539548785,2119
"394",394,"police",0.000420090587895324,2105
"395",395,"jantacurfewmarch22",0.000417895340167605,2094
"396",396,"allunitedagainstcov",0.000415101388514145,2080
"397",397,"saturdaythoughts",0.000415101388514145,2080
"398",398,"ageusia",0.000414901820538897,2079
"399",399,"misinformation",0.000413105708761673,2070
"400",400,"ramaphosa",0.000412906140786426,2069
"401",401,"tru",0.000412507004835931,2067
"402",402,"italian",0.00041190830091019,2064
"403",403,"beactive",0.000410910461033954,2059
"404",404,"coronapocalypse",0.000409713053182471,2053
"405",405,"newsalert",0.000409513485207223,2052
"406",406,"pressbriefing",0.000407717373429999,2043
"407",407,"video",0.000406120829628021,2035
"408",408,"moscowmitch",0.000405122989751785,2030
"409",409,"louisiana",0.000404923421776538,2029
"410",410,"mexico",0.000403726013925055,2023
"411",411,"socialdistancingnow",0.000403526445949808,2022
"412",412,"movementcontrolorder",0.000402927742024066,2019
"413",413,"iot",0.000402528606073572,2017
"414",414,"coronavirusnewyork",0.000402329038098325,2016
"415",415,"gop",0.000402329038098325,2016
"416",416,"democrat",0.000402129470123078,2015
"417",417,"citinewsroom",0.000399535086444864,2002
"418",418,"business",0.000397938542642887,1994
"419",419,"ethiopia",0.000397339838717145,1991
"420",420,"bangkok",0.00039554372693992,1982
"421",421,"nba",0.000395344158964673,1981
"422",422,"homeless",0.000393348479212201,1971
"423",423,"podcast",0.000393148911236954,1970
"424",424,"google",0.000391951503385471,1964
"425",425,"worldhealthorganization",0.000391751935410224,1963
"426",426,"chinesecoronavirus",0.00039135279945973,1961
"427",427,"coronastopkarona",0.000391153231484482,1960
"428",428,"vancouver",0.000390354959583494,1956
"429",429,"sparsh",0.000389756255657752,1953
"430",430,"clemencynow",0.000389357119707258,1951
"431",431,"chineseviruscorona",0.000387960143880527,1944
"432",432,"mumbai",0.000387960143880527,1944
"433",433,"3dprinting",0.00038776057590528,1943
"434",434,"art",0.000385764896152808,1933
"435",435,"clapforourcarers",0.000384168352350831,1925
"436",436,"stanley",0.000383968784375584,1924
"437",437,"bigdata",0.000382970944499348,1919
"438",438,"hiv",0.000382372240573606,1916
"439",439,"indian",0.000381174832722123,1910
"440",440,"anxiety",0.000380975264746876,1909
"441",441,"covid19ohioready",0.00037997742487064,1904
"442",442,"indiafightscor",0.00037997742487064,1904
"443",443,"nih",0.000379578288920146,1902
"444",444,"coronavirusoubreak",0.000377981745118168,1894
"445",445,"frequentlyaskedquestion",0.000377782177142921,1893
"446",446,"u0001f9a0",0.000375986065365696,1884
"447",447,"homequarantine",0.000375387361439955,1881
"448",448,"covid2019india",0.000373790817637977,1873
"449",449,"free",0.000372992545736989,1869
"450",450,"ableg",0.000372792977761741,1868
"451",451,"tablighijamaat",0.000372194273836,1865
"452",452,"love",0.000370597730034022,1857
"453",453,"nurse",0.000369799458133034,1853
"454",454,"lombardy",0.000369400322182539,1851
"455",455,"vegan",0.000369001186232045,1849
"456",456,"cautionyespanicno",0.000368801618256798,1848
"457",457,"saferathome",0.000368801618256798,1848
"458",458,"ijcovid19",0.000368402482306303,1846
"459",459,"studentnurse",0.000368202914331056,1845
"460",460,"chinesevi",0.000368003346355809,1844
"461",461,"wildlife",0.000366606370529079,1837
"462",462,"ratantata",0.000366406802553831,1836
"463",463,"ahmedabad",0.000365408962677596,1831
"464",464,"fightagainstcorona",0.000365209394702348,1830
"465",465,"americafirst",0.000364810258751854,1828
"466",466,"big",0.00036441112280136,1826
"467",467,"tokyo2020",0.00036441112280136,1826
"468",468,"coronaviruspakistan",0.000361816739123146,1813
"469",469,"onevoice1",0.000361816739123146,1813
"470",470,"bhilwara",0.000361617171147899,1812
"471",471,"covidactnow",0.000361617171147899,1812
"472",472,"inthistogether",0.000361218035197405,1810
"473",473,"meghanmarkle",0.000361218035197405,1810
"474",474,"mothersday",0.000361218035197405,1810
"475",475,"chi",0.000360220195321169,1805
"476",476,"crisis",0.000360220195321169,1805
"477",477,"community",0.000359022787469686,1799
"478",478,"marr",0.000357825379618203,1793
"479",479,"coronacris",0.000354831859989495,1778
"480",480,"staythefhome",0.000354233156063753,1775
"481",481,"kenya",0.000353434884162764,1771
"482",482,"congress",0.000353235316187517,1770
"483",483,"bangladesh",0.000352836180237023,1768
"484",484,"nature",0.000352836180237023,1768
"485",485,"chines",0.000352037908336034,1764
"486",486,"savelives",0.000350441364534057,1756
"487",487,"leftliberal",0.00034804654883109,1744
"488",488,"rajajihospital",0.000347248276930102,1740
"489",489,"americans",0.000345452165152877,1731
"490",490,"stayathomeorder",0.00034525259717763,1730
"491",491,"deepstate",0.000342857781474664,1718
"492",492,"isolationlife",0.000342658213499416,1717
"493",493,"princecharles",0.000340862101722192,1708
"494",494,"cuomo",0.000340662533746945,1707
"495",495,"ontario",0.000340662533746945,1707
"496",496,"factcheck",0.00034026339779645,1705
"497",497,"food",0.000338467286019226,1696
"498",498,"howtostealanelection",0.000337070310192495,1689
"499",499,"saturdaymorning",0.000336870742217248,1688
"500",500,"education",0.000336671174242001,1687
"501",501,"nhsheroes",0.000336072470316259,1684
"502",502,"bloomcam",0.000334875062464776,1678
"503",503,"coronaviruscanada",0.000334875062464776,1678
"504",504,"sihatmilikku",0.000334675494489529,1677
"505",505,"pawankalyan",0.000334076790563787,1674
"506",506,"buhariresign",0.00033387722258854,1673
"507",507,"newyorkcity",0.000333278518662799,1670
"508",508,"againstcorona",0.00033248024676181,1666
"509",509,"hungary",0.00033248024676181,1666
"510",510,"animalcrossingnewhorizons",0.000332280678786563,1665
"511",511,"painting",0.000332280678786563,1665
"512",512,"wfh",0.000331881542836068,1663
"513",513,"coronaupdatesindia",0.000331681974860821,1662
"514",514,"openamericatoday",0.00033108327093508,1659
"515",515,"janta",0.000330484567009338,1656
"516",516,"panicbuying",0.000330085431058844,1654
"517",517,"reopenamerica",0.000330085431058844,1654
"518",518,"trumpmadness",0.000329087591182608,1649
"519",519,"workingfromhome",0.000328289319281619,1645
"520",520,"cardib",0.00032749104738063,1641
"521",521,"narendramodi",0.000327291479405383,1640
"522",522,"fbi",0.000324896663702417,1628
"523",523,"chinaliedpeopledie",0.00032469709572717,1627
"524",524,"racist",0.00032469709572717,1627
"525",525,"retweet",0.000324297959776675,1625
"526",526,"thursdaythoughts",0.000323699255850934,1622
"527",527,"opinion",0.000322701415974698,1617
"528",528,"solidarity",0.000322501847999451,1616
"529",529,"diabetes",0.000321504008123215,1611
"530",530,"belgium",0.000320705736222226,1607
"531",531,"data",0.000319308760395496,1600
"532",532,"dubai",0.000319109192420249,1599
"533",533,"erode",0.000319109192420249,1599
"534",534,"fightcoron",0.000319109192420249,1599
"535",535,"hope",0.000319109192420249,1599
"536",536,"and",0.000318909624445001,1598
"537",537,"quarentinelife",0.000318510488494507,1596
"538",538,"homeisthestar",0.000317512648618271,1591
"539",539,"covid19ontario",0.000316714376717282,1587
"540",540,"chinesebioterrorism",0.000315516968865799,1581
"541",541,"tiktok",0.000314519128989563,1576
"542",542,"trumpplague",0.000314319561014316,1575
"543",543,"toge",0.000314119993039069,1574
"544",544,"canadalockdown",0.000313920425063822,1573
"545",545,"cats",0.000313720857088575,1572
"546",546,"unitedstates",0.000313720857088575,1572
"547",547,"tuesdaymotivation",0.000313521289113327,1571
"548",548,"puducherry",0.00031332172113808,1570
"549",549,"serbia",0.000312323881261844,1565
"550",550,"selfemployed",0.000312124313286597,1564
"551",551,"neworleans",0.00031192474531135,1563
"552",552,"iwashedmyhands",0.000310128633534125,1554
"553",553,"haiti",0.000309529929608384,1551
"554",554,"americanvirus",0.000308731657707395,1547
"555",555,"refugees",0.000308532089732148,1546
"556",556,"fintech",0.000308332521756901,1545
"557",557,"research",0.000307733817831159,1542
"558",558,"chinaisasshoe",0.000307334681880665,1540
"559",559,"hawaii",0.000307334681880665,1540
"560",560,"climatecrisis",0.000306137274029182,1534
"561",561,"whatsapp",0.000306137274029182,1534
"562",562,"cnnsotu",0.00030553857010344,1531
"563",563,"jordansviewexpress",0.000304540730227204,1526
"564",564,"dominiccummings",0.00030414159427671,1524
"565",565,"medical",0.000303742458326215,1522
"566",566,"alluarjun",0.000303542890350968,1521
"567",567,"punjab",0.000303143754400474,1519
"568",568,"ppeshortage",0.000301347642623249,1510
"569",569,"pibfactcheck",0.000299351962870777,1500
"570",570,"sabcnews",0.000298354122994541,1495
"571",571,"foamed",0.0002977554190688,1492
"572",572,"shanghai",0.000296957147167811,1488
"573",573,"bollywood",0.000296757579192564,1487
"574",574,"covid19australia",0.00029635844324207,1485
"575",575,"milan",0.00029635844324207,1485
"576",576,"technology",0.000294961467415339,1478
"577",577,"datascience",0.000294562331464845,1476
"578",578,"rikers",0.000294362763489598,1475
"579",579,"borisjohnsons",0.000293564491588609,1471
"580",580,"yyc",0.000293364923613362,1470
"581",581,"coronaviruslockdownuk",0.000292566651712373,1466
"582",582,"telehealth",0.000292167515761879,1464
"583",583,"netherlands",0.000291967947786631,1463
"584",584,"travel",0.000291967947786631,1463
"585",585,"trumppressconference",0.00029136924386089,1460
"586",586,"getmeppe",0.000291169675885643,1459
"587",587,"stayhomeohio",0.000290970107910396,1458
"588",588,"nato",0.000290570971959901,1456
"589",589,"fda",0.000289373564108418,1450
"590",590,"vietnam",0.000289173996133171,1449
"591",591,"animalcros",0.000288974428157924,1448
"592",592,"covid19southafrica",0.000288974428157924,1448
"593",593,"mondaymotivation",0.000288974428157924,1448
"594",594,"stayho",0.000287976588281688,1443
"595",595,"coronaindia",0.000287577452331193,1441
"596",596,"2019ncov",0.000287377884355946,1440
"597",597,"moscow",0.000287377884355946,1440
"598",598,"covid19canada",0.000286779180430205,1437
"599",599,"warroompandemic",0.000286779180430205,1437
"600",600,"fridayfeeling",0.000285980908529216,1433
"601",601,"brazil",0.000285581772578722,1431
"602",602,"smallbusiness",0.000285382204603474,1430
"603",603,"indiafig",0.00028498306865298,1428
"604",604,"republicans",0.000284783500677733,1427
"605",605,"sundaymorning",0.000284783500677733,1427
"606",606,"zimbabwe",0.000284783500677733,1427
"607",607,"loc",0.000284184796751991,1424
"608",608,"machinelearning",0.000283386524851003,1420
"609",609,"bcpoli",0.000282588252950014,1416
"610",610,"julianassange",0.000281989549024272,1413
"611",611,"pets",0.000280991709148036,1408
"612",612,"bernie2020",0.000280592573197542,1406
"613",613,"criticalcare",0.000280393005222295,1405
"614",614,"bihar",0.000280193437247048,1404
"615",615,"coronacrisisuk",0.000280193437247048,1404
"616",616,"drbirx",0.000277998189519329,1393
"617",617,"toiletpaper",0.00027719991761834,1389
"618",618,"heroes",0.000276202077742104,1384
"619",619,"5baje5minute",0.000276002509766857,1383
"620",620,"doctor",0.000274605533940126,1376
"621",621,"nbsupdates",0.000274206397989632,1374
"622",622,"fightback",0.000273807262039138,1372
"623",623,"stayathomenigerians",0.00027360769406389,1371
"624",624,"selfquarantine",0.000273408126088643,1370
"625",625,"stopairingtrump",0.000273408126088643,1370
"626",626,"giveaway",0.000273208558113396,1369
"627",627,"chin",0.000272410286212407,1365
"628",628,"tollfree",0.000272011150261913,1363
"629",629,"chinaliespeopledie",0.000271811582286666,1362
"630",630,"u0001f44d",0.000271013310385677,1358
"631",631,"quarantineandchill",0.00027081374241043,1357
"632",632,"lockdownuk",0.000270614174435183,1356
"633",633,"madrid",0.000270614174435183,1356
"634",634,"nizamuddinmarkaz",0.000270015470509441,1353
"635",635,"superstarrajinikanth",0.000269815902534194,1352
"636",636,"arizona",0.000269616334558947,1351
"637",637,"rome",0.000269616334558947,1351
"638",638,"everybody",0.000268618494682711,1346
"639",639,"clapfornhs",0.000268219358732217,1344
"640",640,"impeachment",0.000267620654806475,1341
"641",641,"g20virtualsummit",0.000266622814930239,1336
"642",642,"losangeles",0.000266622814930239,1336
"643",643,"music",0.000266622814930239,1336
"644",644,"all",0.000266423246954992,1335
"645",645,"illinois",0.000266223678979745,1334
"646",646,"25thamend",0.000265425407078756,1330
"647",647,"amazon",0.000265425407078756,1330
"648",648,"outbreak",0.00026442756720252,1325
"649",649,"drones",0.000263629295301531,1321
"650",650,"sundaythoughts",0.00026303059137579,1318
"651",651,"miami",0.000262831023400543,1317
"652",652,"healthforall",0.000262631455425295,1316
"653",653,"israeli",0.000261434047573812,1310
"654",654,"chinesev",0.000261034911623318,1308
"655",655,"government",0.000260635775672823,1306
"656",656,"hearthebern",0.000260635775672823,1306
"657",657,"justin",0.000260236639722329,1304
"658",658,"walkthetalk",0.000260037071747082,1303
"659",659,"whitehouse",0.000260037071747082,1303
"660",660,"election2020",0.000258839663895599,1297
"661",661,"mannkibaat",0.000258839663895599,1297
"662",662,"meded",0.000258640095920352,1296
"663",663,"togetherwecan",0.000258240959969857,1294
"664",664,"tds",0.00025804139199461,1293
"665",665,"u0001f1fa",0.000257841824019363,1292
"666",666,"foodheroes",0.000257442688068869,1290
"667",667,"r4today",0.000257442688068869,1290
"668",668,"khamaneivirus",0.000257243120093621,1289
"669",669,"losingit",0.000257043552118374,1288
"670",670,"powercut",0.00025664441616788,1286
"671",671,"homefest",0.000256444848192633,1285
"672",672,"lockdownkenya",0.000256045712242138,1283
"673",673,"leadership",0.000255846144266891,1282
"674",674,"torturing",0.000255846144266891,1282
"675",675,"liberal",0.000255646576291644,1281
"676",676,"lockdownindia",0.000255047872365902,1278
"677",677,"paris",0.000255047872365902,1278
"678",678,"testkits",0.000253650896539172,1271
"679",679,"votebymail",0.00025305219261343,1268
"680",680,"whencoronavirusisover",0.00025305219261343,1268
"681",681,"txlege",0.000252653056662936,1266
"682",682,"icu",0.000252253920712442,1264
"683",683,"indialockdown",0.000252054352737195,1263
"684",684,"stayhomeindia",0.000252054352737195,1263
"685",685,"tatatrusts",0.000252054352737195,1263
"686",686,"worldtbday",0.000251854784761947,1262
"687",687,"animals",0.000251056512860959,1258
"688",688,"imbecile",0.00025025824095997,1254
"689",689,"2weeksago",0.000249459969058981,1250
"690",690,"pandemics",0.000249260401083734,1249
"691",691,"kmc",0.000249060833108487,1248
"692",692,"kolkata",0.000249060833108487,1248
"693",693,"trumpgenocide",0.00024886126513324,1247
"694",694,"coronavirusireland",0.000248661697157992,1246
"695",695,"sparshcctv",0.000248661697157992,1246
"696",696,"coronajihad",0.000248462129182745,1245
"697",697,"animal",0.000248262561207498,1244
"698",698,"biden2020",0.000248262561207498,1244
"699",699,"ca50",0.000248062993232251,1243
"700",700,"joebiden",0.000248062993232251,1243
"701",701,"selfisolate",0.000247863425257004,1242
"702",702,"coronavirusinindia",0.000246865585380768,1237
"703",703,"fakescience",0.000246865585380768,1237
"704",704,"volunteers",0.000246865585380768,1237
"705",705,"srinagar",0.000246466449430273,1235
"706",706,"azithromycin",0.000245668177529285,1231
"707",707,"qatar",0.000245668177529285,1231
"708",708,"god",0.000245468609554037,1230
"709",709,"palestinian",0.00024526904157879,1229
"710",710,"lockdownghana",0.000243672497776813,1221
"711",711,"buhariaddressnigerians",0.000243073793851071,1218
"712",712,"msnbc",0.000243073793851071,1218
"713",713,"notdying4wallstreet",0.000242874225875824,1217
"714",714,"thoughts",0.000242275521950082,1214
"715",715,"turns",0.000242275521950082,1214
"716",716,"coronaupdatesinindia",0.000241876385999588,1212
"717",717,"artificialintelligence",0.000241277682073847,1209
"718",718,"generalstrike",0.000241277682073847,1209
"719",719,"nstworld",0.000240878546123352,1207
"720",720,"cutdataprices",0.000240678978148105,1206
"721",721,"pakistani",0.000240678978148105,1206
"722",722,"smallbiz",0.000240678978148105,1206
"723",723,"goodnews",0.000240479410172858,1205
"724",724,"spygate",0.000240479410172858,1205
"725",725,"morningjoe",0.000239681138271869,1201
"726",726,"bitcoin",0.000239481570296622,1200
"727",727,"grapes",0.000239481570296622,1200
"728",728,"demcast",0.000239282002321375,1199
"729",729,"awanipagi",0.000239082434346128,1198
"730",730,"harveyweinstein",0.00023888286637088,1197
"731",731,"afghanistan",0.000238683298395633,1196
"732",732,"lockdownpakisan",0.000238483730420386,1195
"733",733,"jammu",0.000238284162445139,1194
"734",734,"covididiot",0.000238084594469892,1193
"735",735,"trumptheworstpresidentever",0.000238084594469892,1193
"736",736,"fasak",0.000237885026494644,1192
"737",737,"mumbailockdown",0.000237885026494644,1192
"738",738,"trumppandemic",0.000237885026494644,1192
"739",739,"stayawarestaysafe",0.000237286322568903,1189
"740",740,"janata",0.000237086754593656,1188
"741",741,"coronapocolypse",0.000236687618643161,1186
"742",742,"presidentialaddress",0.000236687618643161,1186
"743",743,"howtoend",0.000236488050667914,1185
"744",744,"chemotherapy",0.00023608891471742,1183
"745",745,"hong",0.00023608891471742,1183
"746",746,"slow",0.000235490210791678,1180
"747",747,"twitter",0.000235490210791678,1180
"748",748,"sanctions",0.000235091074841184,1178
"749",749,"weinstein",0.000235091074841184,1178
"750",750,"governors",0.000234891506865937,1177
"751",751,"propaganda",0.000234891506865937,1177
"752",752,"aviation",0.000234492370915442,1175
"753",753,"libya",0.000234492370915442,1175
"754",754,"asroma",0.000234093234964948,1173
"755",755,"jordan",0.000234093234964948,1173
"756",756,"italia",0.000233893666989701,1172
"757",757,"wellbeing",0.000233694099014454,1171
"758",758,"mnd",0.000233494531039206,1170
"759",759,"maldives",0.000233294963063959,1169
"760",760,"poland",0.000233294963063959,1169
"761",761,"makechinapay",0.000233095395088712,1168
"762",762,"unemployment",0.000233095395088712,1168
"763",763,"webinar",0.000232696259138218,1166
"764",764,"veterans",0.00023249669116297,1165
"765",765,"chikkaballapur",0.000232297123187723,1164
"766",766,"positive",0.000232297123187723,1164
"767",767,"vineyard",0.000232297123187723,1164
"768",768,"daca",0.000232097555212476,1163
"769",769,"rohingya",0.000231897987237229,1162
"770",770,"convid19",0.00023109971533624,1158
"771",771,"inthistogetherohio",0.00023109971533624,1158
"772",772,"defenseproductionact",0.000230700579385746,1156
"773",773,"nirbhayaverdict",0.000230301443435251,1154
"774",774,"hs2",0.000229902307484757,1152
"775",775,"nwo",0.000229303603559015,1149
"776",776,"holocaust",0.000229104035583768,1148
"777",777,"masks4all",0.000229104035583768,1148
"778",778,"thalaivar",0.000228704899633274,1146
"779",779,"stayhometexas",0.00022830576368278,1144
"780",780,"suriya",0.00022830576368278,1144
"781",781,"bolsonaro",0.000227707059757038,1141
"782",782,"stayat",0.000226709219880802,1136
"783",783,"event201",0.000226509651905555,1135
"784",784,"janathacurfew",0.000226509651905555,1135
"785",785,"water",0.000226310083930308,1134
"786",786,"colombia",0.00022611051595506,1133
"787",787,"kabul",0.000225910947979813,1132
"788",788,"coronavirusaustralia",0.000225711380004566,1131
"789",789,"martiallaw",0.000224913108103577,1127
"790",790,"weservejoburg",0.000223915268227341,1122
"791",791,"zaaereen",0.000223915268227341,1122
"792",792,"allhandsondeck",0.000223715700252094,1121
"793",793,"democratsaredestroyingamerica",0.000223116996326353,1118
"794",794,"eritrea",0.000222318724425364,1114
"795",795,"passthedamnbill",0.000222318724425364,1114
"796",796,"emptyhospitals",0.000222119156450117,1113
"797",797,"noalleyforme",0.000222119156450117,1113
"798",798,"austin",0.00022191958847487,1112
"799",799,"bbcbreakfast",0.00022191958847487,1112
"800",800,"covid19insa",0.000221720020499622,1111
"801",801,"dyk",0.000221520452524375,1110
"802",802,"updates",0.000221121316573881,1108
"803",803,"earthquake",0.000220921748598634,1107
"804",804,"nowruz",0.000220921748598634,1107
"805",805,"fridaythoughts",0.000220722180623386,1106
"806",806,"ind",0.000220722180623386,1106
"807",807,"inthistoge",0.000220722180623386,1106
"808",808,"coronavirusinpakistan",0.000220323044672892,1104
"809",809,"virusvultures",0.000220323044672892,1104
"810",810,"children",0.000220123476697645,1103
"811",811,"louistomlinson",0.000220123476697645,1103
"812",812,"crypto",0.000219524772771903,1100
"813",813,"innovation",0.000219325204796656,1099
"814",814,"soc",0.000219125636821409,1098
"815",815,"covid19sl",0.000218726500870915,1096
"816",816,"cov",0.000218526932895667,1095
"817",817,"american",0.00021832736492042,1094
"818",818,"mediabuzz",0.000218127796945173,1093
"819",819,"myanmar",0.000218127796945173,1093
"820",820,"stays",0.000217928228969926,1092
"821",821,"justpublished",0.000217728660994679,1091
"822",822,"mask",0.000217129957068937,1088
"823",823,"n95masks",0.000217129957068937,1088
"824",824,"xijinpingvirus",0.000216730821118443,1086
"825",825,"healthca",0.000216531253143196,1085
"826",826,"trumpliespeopledie",0.000216331685167948,1084
"827",827,"inittogether",0.000215932549217454,1082
"828",828,"vaccineinjury",0.000215932549217454,1082
"829",829,"poll",0.000215732981242207,1081
"830",830,"trudeau",0.000215333845291713,1079
"831",831,"didyouknow",0.000215134277316465,1078
"832",832,"sidharthshukla",0.000215134277316465,1078
"833",833,"whitehelmets",0.000215134277316465,1078
"834",834,"pmqs",0.000214934709341218,1077
"835",835,"zwelimkhize",0.000214336005415477,1074
"836",836,"bengaluru",0.000214136437440229,1073
"837",837,"now",0.000213537733514488,1070
"838",838,"hktensions",0.000213138597563993,1068
"839",839,"privacy",0.000213138597563993,1068
"840",840,"stayatho",0.000212939029588746,1067
"841",841,"tourism",0.000212939029588746,1067
"842",842,"sukkur",0.000212739461613499,1066
"843",843,"infosec",0.000212140757687758,1063
"844",844,"awani745",0.000211741621737263,1061
"845",845,"cancelrent",0.000211542053762016,1060
"846",846,"senatedemocrats",0.000211342485786769,1059
"847",847,"telemedicine",0.000211342485786769,1059
"848",848,"kentucky",0.000211142917811522,1058
"849",849,"scamalert",0.000210943349836274,1057
"850",850,"swamp",0.000210943349836274,1057
"851",851,"vegas",0.000210743781861027,1056
"852",852,"worstpresidentinhistory",0.000210743781861027,1056
"853",853,"washington",0.00021054421388578,1055
"854",854,"democratshateamerica",0.000210344645910533,1054
"855",855,"covidãƒ¼1",0.000210145077935286,1053
"856",856,"yomecorono",0.000210145077935286,1053
"857",857,"stimulusbill",0.000209945509960039,1052
"858",858,"tehran",0.000209745941984791,1051
"859",859,"wwe",0.000209346806034297,1049
"860",860,"erdogan",0.000208947670083803,1047
"861",861,"med",0.000208947670083803,1047
"862",862,"biggboss13",0.000208748102108555,1046
"863",863,"islam",0.000208748102108555,1046
"864",864,"digital",0.000208548534133308,1045
"865",865,"internalmedicine",0.000208548534133308,1045
"866",866,"mondaymorning",0.000208149398182814,1043
"867",867,"staystrong",0.000207550694257072,1040
"868",868,"scotland",0.000207351126281825,1039
"869",869,"billgates",0.000205954150455095,1032
"870",870,"muslim",0.000205954150455095,1032
"871",871,"rapidriskassessment",0.000205954150455095,1032
"872",872,"protectnurses",0.000205355446529353,1029
"873",873,"aai",0.000205155878554106,1028
"874",874,"amjoy",0.000204956310578859,1027
"875",875,"telanganafightscorona",0.000204557174628365,1025
"876",876,"testvirusnow",0.000204557174628365,1025
"877",877,"communist",0.000204357606653117,1024
"878",878,"nintendoswitch",0.000204357606653117,1024
"879",879,"truth",0.000204357606653117,1024
"880",880,"boston",0.000203758902727376,1021
"881",881,"stayathom",0.000203758902727376,1021
"882",882,"alonetogether",0.000203359766776881,1019
"883",883,"disinfec",0.000203160198801634,1018
"884",884,"biggboss",0.000202960630826387,1017
"885",885,"walajah",0.000202960630826387,1017
"886",886,"sputnikupdates",0.000202561494875893,1015
"887",887,"cn12",0.000202162358925398,1013
"888",888,"mdu",0.000202162358925398,1013
"889",889,"aprilfoolsday",0.000201962790950151,1012
"890",890,"delhifightscorona",0.000201962790950151,1012
"891",891,"strongertogether",0.000201962790950151,1012
"892",892,"petowners",0.000201763222974904,1011
"893",893,"u0001f1f8",0.000201563654999657,1010
"894",894,"nola",0.000200166679172926,1003
"895",895,"masstestingph",0.000199967111197679,1002
"896",896,"5minute5baje",0.000199767543222432,1001
"897",897,"chinatown",0.000199767543222432,1001
"898",898,"dudukrumah",0.000199767543222432,1001
"899",899,"childcare",0.000199567975247185,1000
"900",900,"coronavirusnigeria",0.000199368407271938,999
"901",901,"koch",0.000199368407271938,999
"902",902,"obama",0.000199368407271938,999
"903",903,"factsmatter",0.000199168839296691,998
"904",904,"day1",0.000198969271321443,997
"905",905,"indiafights",0.000198769703346196,996
"906",906,"fighttogether",0.000198570135370949,995
"907",907,"waragainstvirus",0.000197572295494713,990
"908",908,"americanshome",0.000197372727519466,989
"909",909,"humanity",0.000197372727519466,989
"910",910,"trumpliedpeopledied",0.000197372727519466,989
"911",911,"hcw",0.000196973591568971,987
"912",912,"georgia",0.000196774023593724,986
"913",913,"teamkentucky",0.000196774023593724,986
"914",914,"saturdaymotivation",0.000196574455618477,985
"915",915,"indiafightcorona",0.00019637488764323,984
"916",916,"coronavirusmemes",0.000195975751692736,982
"917",917,"hkpolice",0.000195975751692736,982
"918",918,"stayhomeworksafe",0.000195776183717488,981
"919",919,"hospital",0.000195377047766994,979
"920",920,"islamabad",0.000195177479791747,978
"921",921,"houston",0.0001949779118165,977
"922",922,"blockchain",0.000194578775866005,975
"923",923,"prc",0.000193980071940264,972
"924",924,"curfewinkenya",0.000193780503965017,971
"925",925,"epidemic",0.000193580935989769,970
"926",926,"shehnaazgill",0.000193580935989769,970
"927",927,"2020census",0.000193181800039275,968
"928",928,"foodbanks",0.000192982232064028,967
"929",929,"somalia",0.000192982232064028,967
"930",930,"ramcharan",0.000192383528138286,964
"931",931,"newzealand",0.000191984392187792,962
"932",932,"ibd",0.000191784824212545,961
"933",933,"namastetrump",0.000191784824212545,961
"934",934,"military",0.00019138568826205,959
"935",935,"uttarpradesh",0.000190986552311556,957
"936",936,"remdesivir",0.000190786984336309,956
"937",937,"contestalert",0.000190387848385814,954
"938",938,"brunei",0.000190188280410567,953
"939",939,"fmtnews",0.000190188280410567,953
"940",940,"besafe",0.00018998871243532,952
"941",941,"parkinson",0.00018998871243532,952
"942",942,"socialdistan",0.00018998871243532,952
"943",943,"racism",0.000189789144460073,951
"944",944,"delays",0.000189589576484826,950
"945",945,"easter",0.000189589576484826,950
"946",946,"tokyo",0.000189190440534331,948
"947",947,"saveassangecovid19",0.000188791304583837,946
"948",948,"newindia",0.000188192600658095,943
"949",949,"prayer",0.000187993032682848,942
"950",950,"goa",0.000187793464707601,941
"951",951,"funny",0.000187394328757107,939
"952",952,"globalhealth",0.000187394328757107,939
"953",953,"herdimmunity",0.000187394328757107,939
"954",954,"covid19ug",0.000187194760781859,938
"955",955,"sweden",0.000187194760781859,938
"956",956,"assam",0.000186596056856118,935
"957",957,"arynews",0.000186396488880871,934
"958",958,"robotics",0.000185997352930376,932
"959",959,"ccpvir",0.000185797784955129,931
"960",960,"yeg",0.000185598216979882,930
"961",961,"homeschooling",0.00018499951305414,927
"962",962,"indiaf",0.00018499951305414,927
"963",963,"disinformation",0.000184600377103646,925
"964",964,"massachusetts",0.000184600377103646,925
"965",965,"physicians",0.000184600377103646,925
"966",966,"btsarmy",0.000184400809128399,924
"967",967,"covidngr",0.000184201241153152,923
"968",968,"nepal",0.000184201241153152,923
"969",969,"zagreb",0.000184201241153152,923
"970",970,"like",0.000184001673177904,922
"971",971,"communists",0.00018360253722741,920
"972",972,"indiana",0.00018360253722741,920
"973",973,"missouri",0.00018360253722741,920
"974",974,"phishing",0.00018360253722741,920
"975",975,"coronavirusupd",0.000183402969252163,919
"976",976,"sindhgovt",0.000183402969252163,919
"977",977,"cuban",0.000183203401276916,918
"978",978,"cze",0.000183203401276916,918
"979",979,"emergency",0.000183203401276916,918
"980",980,"moleg",0.000183003833301669,917
"981",981,"writingcommunity",0.000183003833301669,917
"982",982,"catsoftwitter",0.000182604697351174,915
"983",983,"paidleave",0.000182604697351174,915
"984",984,"rip",0.000182405129375927,914
"985",985,"firstresponders",0.000182005993425433,912
"986",986,"nhsworkers",0.000182005993425433,912
"987",987,"cottage",0.000181806425450185,911
"988",988,"kuwait",0.000181806425450185,911
"989",989,"joynews",0.000181606857474938,910
"990",990,"wetmarkets",0.000181606857474938,910
"991",991,"pand",0.000181407289499691,909
"992",992,"coronaalert",0.000181207721524444,908
"993",993,"covid19au",0.000181207721524444,908
"994",994,"disabled",0.000181207721524444,908
"995",995,"cameroon",0.000180609017598702,905
"996",996,"dataviz",0.000180209881648208,903
"997",997,"facemask",0.000179810745697714,901
"998",998,"blood",0.000179411609747219,899
"999",999,"security",0.000179212041771972,898
"1000",1000,"wakeupamerica",0.000179212041771972,898
"1001",1001,"emergencyubi",0.00017861333784623,895
